,0,1,2,3,4,5,6,7,8,9,10,11,12,13,14,15,16,17,18,19,20
0,Sl_No,Date,Age Bracket,Gender,Patient Status,City,District,State,Notes,Nationality,Source_1,Source_2,Source_3,Patient_Number (Could be mapped later),,,,,,,
1,,,,,,,,,,,,,,,,,,,,,
2,1,29/03/2020,,,Death,,,Maharashtra,,,Opening Data as of Mar 29,,7,25,,,,,,,
3,2,29/03/2020,,,Death,,,Maharashtra,,,Opening Data as of Mar 29,,,,,,,,,,
4,3,29/03/2020,,,Death,,,Maharashtra,,,Opening Data as of Mar 29,,,,,,,,,,
5,4,29/03/2020,,,Death,,,Maharashtra,,,Opening Data as of Mar 29,,,,,,,,,,
6,5,29/03/2020,,,Death,,,Maharashtra,,,Opening Data as of Mar 29,,,,,,,,,,
7,6,29/03/2020,,,Death,,,Maharashtra,,,Opening Data as of Mar 29,,,,,,,,,,
8,7,29/03/2020,,,Death,,,Maharashtra,,,Opening Data as of Mar 29,,,,,,,,,,
9,8,29/03/2020,,,Recovered,,,Maharashtra,,,Opening Data as of Mar 29,,,,,,,,,,
10,9,29/03/2020,,,Recovered,,,Maharashtra,,,Opening Data as of Mar 29,,,,,,,,,,
11,10,29/03/2020,,,Recovered,,,Maharashtra,,,Opening Data as of Mar 29,,,,,,,,,,
12,11,29/03/2020,,,Recovered,,,Maharashtra,,,Opening Data as of Mar 29,,,,,,,,,,
13,12,29/03/2020,,,Recovered,,,Maharashtra,,,Opening Data as of Mar 29,,,,,,,,,,
14,13,29/03/2020,,,Recovered,,,Maharashtra,,,Opening Data as of Mar 29,,,,,,,,,,
15,14,29/03/2020,,,Recovered,,,Maharashtra,,,Opening Data as of Mar 29,,,,,,,,,,
16,15,29/03/2020,,,Recovered,,,Maharashtra,,,Opening Data as of Mar 29,,,,,,,,,,
17,16,29/03/2020,,,Recovered,,,Maharashtra,,,Opening Data as of Mar 29,,,,,,,,,,
18,17,29/03/2020,,,Recovered,,,Maharashtra,,,Opening Data as of Mar 29,,,,,,,,,,
19,18,29/03/2020,,,Recovered,,,Maharashtra,,,Opening Data as of Mar 29,,,,,,,,,,
20,19,29/03/2020,,,Recovered,,,Maharashtra,,,Opening Data as of Mar 29,,,,,,,,,,
21,20,29/03/2020,,,Recovered,,,Maharashtra,,,Opening Data as of Mar 29,,,,,,,,,,
22,21,29/03/2020,,,Recovered,,,Maharashtra,,,Opening Data as of Mar 29,,,,,,,,,,
23,22,29/03/2020,,,Recovered,,,Maharashtra,,,Opening Data as of Mar 29,,,,,,,,,,
24,23,29/03/2020,,,Recovered,,,Maharashtra,,,Opening Data as of Mar 29,,,,,,,,,,
25,24,29/03/2020,,,Recovered,,,Maharashtra,,,Opening Data as of Mar 29,,,,,,,,,,
26,25,29/03/2020,,,Recovered,,,Maharashtra,,,Opening Data as of Mar 29,,,,,,,,,,
27,26,29/03/2020,,,Recovered,,,Maharashtra,,,Opening Data as of Mar 29,,,,,,,,,,
28,27,29/03/2020,,,Recovered,,,Maharashtra,,,Opening Data as of Mar 29,,,,,,,,,,
29,28,29/03/2020,,,Recovered,,,Maharashtra,,,Opening Data as of Mar 29,,,,,,,,,,
30,29,29/03/2020,,,Recovered,,,Maharashtra,,,Opening Data as of Mar 29,,,,,,,,,,
31,30,29/03/2020,,,Recovered,,,Maharashtra,,,Opening Data as of Mar 29,,,,,,,,,,
32,31,29/03/2020,,,Recovered,,,Maharashtra,,,Opening Data as of Mar 29,,,,,,,,,,
33,32,29/03/2020,,,Recovered,,,Maharashtra,,,Opening Data as of Mar 29,,,,,,,,,,
34,33,29/03/2020,,,Death,,,Kerala,,,Opening Data as of Mar 29,,,,,,,,,,
35,34,29/03/2020,,,Recovered,,,Kerala,,,Opening Data as of Mar 29,,,,,,,,,,
36,35,29/03/2020,,,Recovered,,,Kerala,,,Opening Data as of Mar 29,,,,,,,,,,
37,36,29/03/2020,,,Recovered,,,Kerala,,,Opening Data as of Mar 29,,,,,,,,,,
38,37,29/03/2020,,,Recovered,,,Kerala,,,Opening Data as of Mar 29,,,,,,,,,,
39,38,29/03/2020,,,Recovered,,,Kerala,,,Opening Data as of Mar 29,,,,,,,,,,
40,39,29/03/2020,,,Recovered,,,Kerala,,,Opening Data as of Mar 29,,,,,,,,,,
41,40,29/03/2020,,,Recovered,,,Kerala,,,Opening Data as of Mar 29,,,,,,,,,,
42,41,29/03/2020,,,Recovered,,,Kerala,,,Opening Data as of Mar 29,,,,,,,,,,
43,42,29/03/2020,,,Recovered,,,Kerala,,,Opening Data as of Mar 29,,,,,,,,,,
44,43,29/03/2020,,,Recovered,,,Kerala,,,Opening Data as of Mar 29,,,,,,,,,,
45,44,29/03/2020,,,Recovered,,,Kerala,,,Opening Data as of Mar 29,,,,,,,,,,
46,45,29/03/2020,,,Recovered,,,Kerala,,,Opening Data as of Mar 29,,,,,,,,,,
47,46,29/03/2020,,,Recovered,,,Kerala,,,Opening Data as of Mar 29,,,,,,,,,,
48,47,29/03/2020,,,Recovered,,,Kerala,,,Opening Data as of Mar 29,,,,,,,,,,
49,48,29/03/2020,,,Recovered,,,Kerala,,,Opening Data as of Mar 29,,,,,,,,,,
50,49,29/03/2020,,,Recovered,,,Kerala,,,Opening Data as of Mar 29,,,,,,,,,,
51,50,29/03/2020,,,Recovered,,,Kerala,,,Opening Data as of Mar 29,,,,,,,,,,
52,51,29/03/2020,,,Recovered,,,Kerala,,,Opening Data as of Mar 29,,,,,,,,,,
53,52,29/03/2020,,,Recovered,,,Kerala,,,Opening Data as of Mar 29,,,,,,,,,,
54,53,29/03/2020,,,Recovered,,,Kerala,,,Opening Data as of Mar 29,,,,,,,,,,
55,54,29/03/2020,,,Recovered,,,Karnataka,,,Opening Data as of Mar 29,,,,,,,,,,
56,55,29/03/2020,,,Recovered,,,Karnataka,,,Opening Data as of Mar 29,,,,,,,,,,
57,56,29/03/2020,,,Recovered,,,Karnataka,,,Opening Data as of Mar 29,,,,,,,,,,
58,57,29/03/2020,,,Recovered,,,Karnataka,,,Opening Data as of Mar 29,,,,,,,,,,
59,58,29/03/2020,,,Recovered,,,Karnataka,,,Opening Data as of Mar 29,,,,,,,,,,
60,59,29/03/2020,,,Death,,,Karnataka,,,Opening Data as of Mar 29,,,,,,,,,,
61,60,29/03/2020,,,Death,,,Karnataka,,,Opening Data as of Mar 29,,,,,,,,,,
62,61,29/03/2020,,,Death,,,Karnataka,,,Opening Data as of Mar 29,,,,,,,,,,
63,62,29/03/2020,,,Recovered,,,Delhi,,,Opening Data as of Mar 29,,,,,,,,,,
64,63,29/03/2020,,,Recovered,,,Delhi,,,Opening Data as of Mar 29,,,,,,,,,,
65,64,29/03/2020,,,Recovered,,,Delhi,,,Opening Data as of Mar 29,,,,,,,,,,
66,65,29/03/2020,,,Recovered,,,Delhi,,,Opening Data as of Mar 29,,,,,,,,,,
67,66,29/03/2020,,,Recovered,,,Delhi,,,Opening Data as of Mar 29,,,,,,,,,,
68,67,29/03/2020,,,Recovered,,,Delhi,,,Opening Data as of Mar 29,,,,,,,,,,
69,68,29/03/2020,,,Death,,,Delhi,,,Opening Data as of Mar 29,,,,,,,,,,
70,69,29/03/2020,,,Death,,,Delhi,,,Opening Data as of Mar 29,,,,,,,,,,
71,70,29/03/2020,,,Recovered,,,Uttar Pradesh,,,Opening Data as of Mar 29,,,,,,,,,,
72,71,29/03/2020,,,Recovered,,,Uttar Pradesh,,,Opening Data as of Mar 29,,,,,,,,,,
73,72,29/03/2020,,,Recovered,,,Uttar Pradesh,,,Opening Data as of Mar 29,,,,,,,,,,
74,73,29/03/2020,,,Recovered,,,Uttar Pradesh,,,Opening Data as of Mar 29,,,,,,,,,,
75,74,29/03/2020,,,Recovered,,,Uttar Pradesh,,,Opening Data as of Mar 29,,,,,,,,,,
76,75,29/03/2020,,,Recovered,,,Uttar Pradesh,,,Opening Data as of Mar 29,,,,,,,,,,
77,76,29/03/2020,,,Recovered,,,Uttar Pradesh,,,Opening Data as of Mar 29,,,,,,,,,,
78,77,29/03/2020,,,Recovered,,,Uttar Pradesh,,,Opening Data as of Mar 29,,,,,,,,,,
79,78,29/03/2020,,,Recovered,,,Uttar Pradesh,,,Opening Data as of Mar 29,,,,,,,,,,
80,79,29/03/2020,,,Recovered,,,Uttar Pradesh,,,Opening Data as of Mar 29,,,,,,,,,,
81,80,29/03/2020,,,Recovered,,,Uttar Pradesh,,,Opening Data as of Mar 29,,,,,,,,,,
82,81,29/03/2020,,,Recovered,,,Telangana,,,Opening Data as of Mar 29,,,,,,,,,,
83,82,29/03/2020,,,Death,,,Telangana,,,Opening Data as of Mar 29,,,,,,,,,,
84,83,29/03/2020,,,Death,,,Gujarat,,,Opening Data as of Mar 29,,,,,,,,,,
85,84,29/03/2020,,,Death,,,Gujarat,,,Opening Data as of Mar 29,,,,,,,,,,
86,85,29/03/2020,,,Death,,,Gujarat,,,Opening Data as of Mar 29,,,,,,,,,,
87,86,29/03/2020,,,Death,,,Gujarat,,,Opening Data as of Mar 29,,,,,,,,,,
88,87,29/03/2020,,,Death,,,Gujarat,,,Opening Data as of Mar 29,,,,,,,,,,
89,88,29/03/2020,,,Recovered,,,Gujarat,,,Opening Data as of Mar 29,,,,,,,,,,
90,89,29/03/2020,,,Recovered,,,Rajasthan,,,Opening Data as of Mar 29,,,,,,,,,,
91,90,29/03/2020,,,Recovered,,,Rajasthan,,,Opening Data as of Mar 29,,,,,,,,,,
92,91,29/03/2020,,,Recovered,,,Rajasthan,,,Opening Data as of Mar 29,,,,,,,,,,
93,92,29/03/2020,,,Recovered,,,Tamil Nadu,,,Opening Data as of Mar 29,,,,,,,,,,
94,93,29/03/2020,,,Recovered,,,Tamil Nadu,,,Opening Data as of Mar 29,,,,,,,,,,
95,94,29/03/2020,,,Recovered,,,Tamil Nadu,,,Opening Data as of Mar 29,,,,,,,,,,
96,95,29/03/2020,,,Recovered,,,Tamil Nadu,,,Opening Data as of Mar 29,,,,,,,,,,
97,96,29/03/2020,,,Death,,,Tamil Nadu,,,Opening Data as of Mar 29,,,,,,,,,,
98,97,29/03/2020,,,Death,,,Madhya Pradesh,,,Opening Data as of Mar 29,,,,,,,,,,
99,98,29/03/2020,,,Death,,,Madhya Pradesh,,,Opening Data as of Mar 29,,,,,,,,,,
100,99,29/03/2020,,,Recovered,,,Jammu and Kashmir,,,Opening Data as of Mar 29,,,,,,,,,,
101,100,29/03/2020,,,Death,,,Jammu and Kashmir,,,Opening Data as of Mar 29,,,,,,,,,,
102,101,29/03/2020,,,Recovered,,,Punjab,,,Opening Data as of Mar 29,,,,,,,,,,
103,102,29/03/2020,,,Death,,,Punjab,,,Opening Data as of Mar 29,,,,,,,,,,
104,103,29/03/2020,,,Recovered,,,Haryana,,,Opening Data as of Mar 29,,,,,,,,,,
105,104,29/03/2020,,,Recovered,,,Haryana,,,Opening Data as of Mar 29,,,,,,,,,,
106,105,29/03/2020,,,Recovered,,,Haryana,,,Opening Data as of Mar 29,,,,,,,,,,
107,106,29/03/2020,,,Recovered,,,Haryana,,,Opening Data as of Mar 29,,,,,,,,,,
108,107,29/03/2020,,,Recovered,,,Haryana,,,Opening Data as of Mar 29,,,,,,,,,,
109,108,29/03/2020,,,Recovered,,,Haryana,,,Opening Data as of Mar 29,,,,,,,,,,
110,109,29/03/2020,,,Recovered,,,Haryana,,,Opening Data as of Mar 29,,,,,,,,,,
111,110,29/03/2020,,,Recovered,,,Haryana,,,Opening Data as of Mar 29,,,,,,,,,,
112,111,29/03/2020,,,Recovered,,,Haryana,,,Opening Data as of Mar 29,,,,,,,,,,
113,112,29/03/2020,,,Recovered,,,Haryana,,,Opening Data as of Mar 29,,,,,,,,,,
114,113,29/03/2020,,,Recovered,,,Haryana,,,Opening Data as of Mar 29,,,,,,,,,,
115,114,29/03/2020,,,Recovered,,,Haryana,,,Opening Data as of Mar 29,,,,,,,,,,
116,115,29/03/2020,,,Recovered,,,Haryana,,,Opening Data as of Mar 29,,,,,,,,,,
117,116,29/03/2020,,,Recovered,,,Haryana,,,Opening Data as of Mar 29,,,,,,,,,,
118,117,29/03/2020,,,Recovered,,,Haryana,,,Opening Data as of Mar 29,,,,,,,,,,
119,118,29/03/2020,,,Recovered,,,Haryana,,,Opening Data as of Mar 29,,,,,,,,,,
120,119,29/03/2020,,,Recovered,,,Haryana,,,Opening Data as of Mar 29,,,,,,,,,,
121,120,29/03/2020,,,Recovered,,,Andhra Pradesh,,,Opening Data as of Mar 29,,,,,,,,,,
122,121,29/03/2020,,,Death,,,West Bengal,,,Opening Data as of Mar 29,,,,,,,,,,
123,122,29/03/2020,,,Death,,,Bihar,,,Opening Data as of Mar 29,,,,,,,,,,
124,123,29/03/2020,,,Recovered,,,Ladakh,,,Opening Data as of Mar 29,,,,,,,,,,
125,124,29/03/2020,,,Recovered,,,Ladakh,,,Opening Data as of Mar 29,,,,,,,,,,
126,125,29/03/2020,,,Recovered,,,Ladakh,,,Opening Data as of Mar 29,,,,,,,,,,
127,126,29/03/2020,,,Recovered,,,Uttarakhand,,,Opening Data as of Mar 29,,,,,,,,,,
128,127,29/03/2020,,,Recovered,,,Uttarakhand,,,Opening Data as of Mar 29,,,,,,,,,,
129,128,29/03/2020,,,Recovered,,,Himachal Pradesh,,,Opening Data as of Mar 29,,,,,,,,,,
130,129,29/03/2020,,,Death,,,Himachal Pradesh,,,Opening Data as of Mar 29,,,,,,,,,,
131,129,30/03/2020,,,Death,,,West Bengal,As per PTI,,https://twitter.com/PTI_News/status/1244467615549931521?s=19,,,,,,,,,,
132,129,30/03/2020,45,,Death,,,Gujarat,As per PTI,,https://twitter.com/PTI_News/status/1244495961319067648?s=20,,,,,,,,,,
133,129,,,,,,,,,,,,,,,,,,,,
134,129,,,,,,,,,,,,,,,,,,,,
135,129,,,,,,,,,,,,,,,,,,,,
136,129,,,,,,,,,,,,,,,,,,,,
137,129,,,,,,,,,,,,,,,,,,,,
138,129,,,,,,,,,,,,,,,,,,,,
139,129,,,,,,,,,,,,,,,,,,,,
140,129,,,,,,,,,,,,,,,,,,,,
141,129,,,,,,,,,,,,,,,,,,,,
142,129,,,,,,,,,,,,,,,,,,,,
143,129,,,,,,,,,,,,,,,,,,,,
144,129,,,,,,,,,,,,,,,,,,,,
145,129,,,,,,,,,,,,,,,,,,,,
146,129,,,,,,,,,,,,,,,,,,,,
147,129,,,,,,,,,,,,,,,,,,,,
148,129,,,,,,,,,,,,,,,,,,,,
149,129,,,,,,,,,,,,,,,,,,,,
150,129,,,,,,,,,,,,,,,,,,,,
151,129,,,,,,,,,,,,,,,,,,,,
152,129,,,,,,,,,,,,,,,,,,,,
153,,,,,,,,,,,,,,,,,,,,,
154,,,,,,,,,,,,,,,,,,,,,
155,,,,,,,,,,,,,,,,,,,,,
156,,,,,,,,,,,,,,,,,,,,,
157,,,,,,,,,,,,,,,,,,,,,
158,,,,,,,,,,,,,,,,,,,,,
159,,,,,,,,,,,,,,,,,,,,,
160,,,,,,,,,,,,,,,,,,,,,
161,,,,,,,,,,,,,,,,,,,,,
162,,,,,,,,,,,,,,,,,,,,,
163,,,,,,,,,,,,,,,,,,,,,
164,,,,,,,,,,,,,,,,,,,,,
165,,,,,,,,,,,,,,,,,,,,,
166,,,,,,,,,,,,,,,,,,,,,
167,,,,,,,,,,,,,,,,,,,,,
168,,,,,,,,,,,,,,,,,,,,,
169,,,,,,,,,,,,,,,,,,,,,
170,,,,,,,,,,,,,,,,,,,,,
171,,,,,,,,,,,,,,,,,,,,,
172,,,,,,,,,,,,,,,,,,,,,
173,,,,,,,,,,,,,,,,,,,,,
174,,,,,,,,,,,,,,,,,,,,,
175,,,,,,,,,,,,,,,,,,,,,
176,,,,,,,,,,,,,,,,,,,,,
177,,,,,,,,,,,,,,,,,,,,,
178,,,,,,,,,,,,,,,,,,,,,
179,,,,,,,,,,,,,,,,,,,,,
180,,,,,,,,,,,,,,,,,,,,,
181,,,,,,,,,,,,,,,,,,,,,
182,,,,,,,,,,,,,,,,,,,,,
183,,,,,,,,,,,,,,,,,,,,,
184,,,,,,,,,,,,,,,,,,,,,
185,,,,,,,,,,,,,,,,,,,,,
186,,,,,,,,,,,,,,,,,,,,,
187,,,,,,,,,,,,,,,,,,,,,
188,,,,,,,,,,,,,,,,,,,,,
189,,,,,,,,,,,,,,,,,,,,,
190,,,,,,,,,,,,,,,,,,,,,
191,,,,,,,,,,,,,,,,,,,,,
192,,,,,,,,,,,,,,,,,,,,,
193,,,,,,,,,,,,,,,,,,,,,
194,,,,,,,,,,,,,,,,,,,,,
195,,,,,,,,,,,,,,,,,,,,,
196,,,,,,,,,,,,,,,,,,,,,
197,,,,,,,,,,,,,,,,,,,,,
198,,,,,,,,,,,,,,,,,,,,,
199,,,,,,,,,,,,,,,,,,,,,
200,,,,,,,,,,,,,,,,,,,,,
201,,,,,,,,,,,,,,,,,,,,,
202,,,,,,,,,,,,,,,,,,,,,
203,,,,,,,,,,,,,,,,,,,,,
204,,,,,,,,,,,,,,,,,,,,,
205,,,,,,,,,,,,,,,,,,,,,
206,,,,,,,,,,,,,,,,,,,,,
207,,,,,,,,,,,,,,,,,,,,,
208,,,,,,,,,,,,,,,,,,,,,
209,,,,,,,,,,,,,,,,,,,,,
210,,,,,,,,,,,,,,,,,,,,,
211,,,,,,,,,,,,,,,,,,,,,
212,,,,,,,,,,,,,,,,,,,,,
213,,,,,,,,,,,,,,,,,,,,,
214,,,,,,,,,,,,,,,,,,,,,
215,,,,,,,,,,,,,,,,,,,,,
216,,,,,,,,,,,,,,,,,,,,,
217,,,,,,,,,,,,,,,,,,,,,
218,,,,,,,,,,,,,,,,,,,,,
219,,,,,,,,,,,,,,,,,,,,,
220,,,,,,,,,,,,,,,,,,,,,
221,,,,,,,,,,,,,,,,,,,,,
222,,,,,,,,,,,,,,,,,,,,,
223,,,,,,,,,,,,,,,,,,,,,
224,,,,,,,,,,,,,,,,,,,,,
225,,,,,,,,,,,,,,,,,,,,,
226,,,,,,,,,,,,,,,,,,,,,
227,,,,,,,,,,,,,,,,,,,,,
228,,,,,,,,,,,,,,,,,,,,,
229,,,,,,,,,,,,,,,,,,,,,
230,,,,,,,,,,,,,,,,,,,,,
231,,,,,,,,,,,,,,,,,,,,,
232,,,,,,,,,,,,,,,,,,,,,
233,,,,,,,,,,,,,,,,,,,,,
234,,,,,,,,,,,,,,,,,,,,,
235,,,,,,,,,,,,,,,,,,,,,
236,,,,,,,,,,,,,,,,,,,,,
237,,,,,,,,,,,,,,,,,,,,,
238,,,,,,,,,,,,,,,,,,,,,
239,,,,,,,,,,,,,,,,,,,,,
240,,,,,,,,,,,,,,,,,,,,,
241,,,,,,,,,,,,,,,,,,,,,
242,,,,,,,,,,,,,,,,,,,,,
243,,,,,,,,,,,,,,,,,,,,,
244,,,,,,,,,,,,,,,,,,,,,
245,,,,,,,,,,,,,,,,,,,,,
246,,,,,,,,,,,,,,,,,,,,,
247,,,,,,,,,,,,,,,,,,,,,
248,,,,,,,,,,,,,,,,,,,,,
249,,,,,,,,,,,,,,,,,,,,,
250,,,,,,,,,,,,,,,,,,,,,
251,,,,,,,,,,,,,,,,,,,,,
252,,,,,,,,,,,,,,,,,,,,,
253,,,,,,,,,,,,,,,,,,,,,
254,,,,,,,,,,,,,,,,,,,,,
255,,,,,,,,,,,,,,,,,,,,,
256,,,,,,,,,,,,,,,,,,,,,
257,,,,,,,,,,,,,,,,,,,,,
258,,,,,,,,,,,,,,,,,,,,,
259,,,,,,,,,,,,,,,,,,,,,
260,,,,,,,,,,,,,,,,,,,,,
261,,,,,,,,,,,,,,,,,,,,,
262,,,,,,,,,,,,,,,,,,,,,
263,,,,,,,,,,,,,,,,,,,,,
264,,,,,,,,,,,,,,,,,,,,,
265,,,,,,,,,,,,,,,,,,,,,
266,,,,,,,,,,,,,,,,,,,,,
267,,,,,,,,,,,,,,,,,,,,,
268,,,,,,,,,,,,,,,,,,,,,
269,,,,,,,,,,,,,,,,,,,,,
270,,,,,,,,,,,,,,,,,,,,,
271,,,,,,,,,,,,,,,,,,,,,
272,,,,,,,,,,,,,,,,,,,,,
273,,,,,,,,,,,,,,,,,,,,,
274,,,,,,,,,,,,,,,,,,,,,
275,,,,,,,,,,,,,,,,,,,,,
276,,,,,,,,,,,,,,,,,,,,,
277,,,,,,,,,,,,,,,,,,,,,
278,,,,,,,,,,,,,,,,,,,,,
279,,,,,,,,,,,,,,,,,,,,,
280,,,,,,,,,,,,,,,,,,,,,
281,,,,,,,,,,,,,,,,,,,,,
282,,,,,,,,,,,,,,,,,,,,,
283,,,,,,,,,,,,,,,,,,,,,
284,,,,,,,,,,,,,,,,,,,,,
285,,,,,,,,,,,,,,,,,,,,,
286,,,,,,,,,,,,,,,,,,,,,
287,,,,,,,,,,,,,,,,,,,,,
288,,,,,,,,,,,,,,,,,,,,,
289,,,,,,,,,,,,,,,,,,,,,
290,,,,,,,,,,,,,,,,,,,,,
291,,,,,,,,,,,,,,,,,,,,,
292,,,,,,,,,,,,,,,,,,,,,
293,,,,,,,,,,,,,,,,,,,,,
294,,,,,,,,,,,,,,,,,,,,,
295,,,,,,,,,,,,,,,,,,,,,
296,,,,,,,,,,,,,,,,,,,,,
297,,,,,,,,,,,,,,,,,,,,,
298,,,,,,,,,,,,,,,,,,,,,
299,,,,,,,,,,,,,,,,,,,,,
300,,,,,,,,,,,,,,,,,,,,,
301,,,,,,,,,,,,,,,,,,,,,
302,,,,,,,,,,,,,,,,,,,,,
303,,,,,,,,,,,,,,,,,,,,,
304,,,,,,,,,,,,,,,,,,,,,
305,,,,,,,,,,,,,,,,,,,,,
306,,,,,,,,,,,,,,,,,,,,,
307,,,,,,,,,,,,,,,,,,,,,
308,,,,,,,,,,,,,,,,,,,,,
309,,,,,,,,,,,,,,,,,,,,,
310,,,,,,,,,,,,,,,,,,,,,
311,,,,,,,,,,,,,,,,,,,,,
312,,,,,,,,,,,,,,,,,,,,,
313,,,,,,,,,,,,,,,,,,,,,
314,,,,,,,,,,,,,,,,,,,,,
315,,,,,,,,,,,,,,,,,,,,,
316,,,,,,,,,,,,,,,,,,,,,
317,,,,,,,,,,,,,,,,,,,,,
318,,,,,,,,,,,,,,,,,,,,,
319,,,,,,,,,,,,,,,,,,,,,
320,,,,,,,,,,,,,,,,,,,,,
321,,,,,,,,,,,,,,,,,,,,,
322,,,,,,,,,,,,,,,,,,,,,
323,,,,,,,,,,,,,,,,,,,,,
324,,,,,,,,,,,,,,,,,,,,,
325,,,,,,,,,,,,,,,,,,,,,
326,,,,,,,,,,,,,,,,,,,,,
327,,,,,,,,,,,,,,,,,,,,,
328,,,,,,,,,,,,,,,,,,,,,
329,,,,,,,,,,,,,,,,,,,,,
330,,,,,,,,,,,,,,,,,,,,,
331,,,,,,,,,,,,,,,,,,,,,
332,,,,,,,,,,,,,,,,,,,,,
333,,,,,,,,,,,,,,,,,,,,,
334,,,,,,,,,,,,,,,,,,,,,
335,,,,,,,,,,,,,,,,,,,,,
336,,,,,,,,,,,,,,,,,,,,,
337,,,,,,,,,,,,,,,,,,,,,
338,,,,,,,,,,,,,,,,,,,,,
339,,,,,,,,,,,,,,,,,,,,,
340,,,,,,,,,,,,,,,,,,,,,
341,,,,,,,,,,,,,,,,,,,,,
342,,,,,,,,,,,,,,,,,,,,,
343,,,,,,,,,,,,,,,,,,,,,
344,,,,,,,,,,,,,,,,,,,,,
345,,,,,,,,,,,,,,,,,,,,,
346,,,,,,,,,,,,,,,,,,,,,
347,,,,,,,,,,,,,,,,,,,,,
348,,,,,,,,,,,,,,,,,,,,,
349,,,,,,,,,,,,,,,,,,,,,
350,,,,,,,,,,,,,,,,,,,,,
351,,,,,,,,,,,,,,,,,,,,,
352,,,,,,,,,,,,,,,,,,,,,
353,,,,,,,,,,,,,,,,,,,,,
354,,,,,,,,,,,,,,,,,,,,,
355,,,,,,,,,,,,,,,,,,,,,
356,,,,,,,,,,,,,,,,,,,,,
357,,,,,,,,,,,,,,,,,,,,,
358,,,,,,,,,,,,,,,,,,,,,
359,,,,,,,,,,,,,,,,,,,,,
360,,,,,,,,,,,,,,,,,,,,,
361,,,,,,,,,,,,,,,,,,,,,
362,,,,,,,,,,,,,,,,,,,,,
363,,,,,,,,,,,,,,,,,,,,,
364,,,,,,,,,,,,,,,,,,,,,
365,,,,,,,,,,,,,,,,,,,,,
366,,,,,,,,,,,,,,,,,,,,,
367,,,,,,,,,,,,,,,,,,,,,
368,,,,,,,,,,,,,,,,,,,,,
369,,,,,,,,,,,,,,,,,,,,,
370,,,,,,,,,,,,,,,,,,,,,
371,,,,,,,,,,,,,,,,,,,,,
372,,,,,,,,,,,,,,,,,,,,,
373,,,,,,,,,,,,,,,,,,,,,
374,,,,,,,,,,,,,,,,,,,,,
375,,,,,,,,,,,,,,,,,,,,,
376,,,,,,,,,,,,,,,,,,,,,
377,,,,,,,,,,,,,,,,,,,,,
378,,,,,,,,,,,,,,,,,,,,,
379,,,,,,,,,,,,,,,,,,,,,
380,,,,,,,,,,,,,,,,,,,,,
381,,,,,,,,,,,,,,,,,,,,,
382,,,,,,,,,,,,,,,,,,,,,
383,,,,,,,,,,,,,,,,,,,,,
384,,,,,,,,,,,,,,,,,,,,,
385,,,,,,,,,,,,,,,,,,,,,
386,,,,,,,,,,,,,,,,,,,,,
387,,,,,,,,,,,,,,,,,,,,,
388,,,,,,,,,,,,,,,,,,,,,
389,,,,,,,,,,,,,,,,,,,,,
390,,,,,,,,,,,,,,,,,,,,,
391,,,,,,,,,,,,,,,,,,,,,
392,,,,,,,,,,,,,,,,,,,,,
393,,,,,,,,,,,,,,,,,,,,,
394,,,,,,,,,,,,,,,,,,,,,
395,,,,,,,,,,,,,,,,,,,,,
396,,,,,,,,,,,,,,,,,,,,,
397,,,,,,,,,,,,,,,,,,,,,
398,,,,,,,,,,,,,,,,,,,,,
399,,,,,,,,,,,,,,,,,,,,,
400,,,,,,,,,,,,,,,,,,,,,
401,,,,,,,,,,,,,,,,,,,,,
402,,,,,,,,,,,,,,,,,,,,,
403,,,,,,,,,,,,,,,,,,,,,
404,,,,,,,,,,,,,,,,,,,,,
405,,,,,,,,,,,,,,,,,,,,,
406,,,,,,,,,,,,,,,,,,,,,
407,,,,,,,,,,,,,,,,,,,,,
408,,,,,,,,,,,,,,,,,,,,,
409,,,,,,,,,,,,,,,,,,,,,
410,,,,,,,,,,,,,,,,,,,,,
411,,,,,,,,,,,,,,,,,,,,,
412,,,,,,,,,,,,,,,,,,,,,
413,,,,,,,,,,,,,,,,,,,,,
414,,,,,,,,,,,,,,,,,,,,,
415,,,,,,,,,,,,,,,,,,,,,
416,,,,,,,,,,,,,,,,,,,,,
417,,,,,,,,,,,,,,,,,,,,,
418,,,,,,,,,,,,,,,,,,,,,
419,,,,,,,,,,,,,,,,,,,,,
420,,,,,,,,,,,,,,,,,,,,,
421,,,,,,,,,,,,,,,,,,,,,
422,,,,,,,,,,,,,,,,,,,,,
423,,,,,,,,,,,,,,,,,,,,,
424,,,,,,,,,,,,,,,,,,,,,
425,,,,,,,,,,,,,,,,,,,,,
426,,,,,,,,,,,,,,,,,,,,,
427,,,,,,,,,,,,,,,,,,,,,
428,,,,,,,,,,,,,,,,,,,,,
429,,,,,,,,,,,,,,,,,,,,,
430,,,,,,,,,,,,,,,,,,,,,
431,,,,,,,,,,,,,,,,,,,,,
432,,,,,,,,,,,,,,,,,,,,,
433,,,,,,,,,,,,,,,,,,,,,
434,,,,,,,,,,,,,,,,,,,,,
435,,,,,,,,,,,,,,,,,,,,,
436,,,,,,,,,,,,,,,,,,,,,
437,,,,,,,,,,,,,,,,,,,,,
438,,,,,,,,,,,,,,,,,,,,,
439,,,,,,,,,,,,,,,,,,,,,
440,,,,,,,,,,,,,,,,,,,,,
441,,,,,,,,,,,,,,,,,,,,,
442,,,,,,,,,,,,,,,,,,,,,
443,,,,,,,,,,,,,,,,,,,,,
444,,,,,,,,,,,,,,,,,,,,,
445,,,,,,,,,,,,,,,,,,,,,
446,,,,,,,,,,,,,,,,,,,,,
447,,,,,,,,,,,,,,,,,,,,,
448,,,,,,,,,,,,,,,,,,,,,
449,,,,,,,,,,,,,,,,,,,,,
450,,,,,,,,,,,,,,,,,,,,,
451,,,,,,,,,,,,,,,,,,,,,
452,,,,,,,,,,,,,,,,,,,,,
453,,,,,,,,,,,,,,,,,,,,,
454,,,,,,,,,,,,,,,,,,,,,
455,,,,,,,,,,,,,,,,,,,,,
456,,,,,,,,,,,,,,,,,,,,,
457,,,,,,,,,,,,,,,,,,,,,
458,,,,,,,,,,,,,,,,,,,,,
459,,,,,,,,,,,,,,,,,,,,,
460,,,,,,,,,,,,,,,,,,,,,
461,,,,,,,,,,,,,,,,,,,,,
462,,,,,,,,,,,,,,,,,,,,,
463,,,,,,,,,,,,,,,,,,,,,
464,,,,,,,,,,,,,,,,,,,,,
465,,,,,,,,,,,,,,,,,,,,,
466,,,,,,,,,,,,,,,,,,,,,
467,,,,,,,,,,,,,,,,,,,,,
468,,,,,,,,,,,,,,,,,,,,,
469,,,,,,,,,,,,,,,,,,,,,
470,,,,,,,,,,,,,,,,,,,,,
471,,,,,,,,,,,,,,,,,,,,,
472,,,,,,,,,,,,,,,,,,,,,
473,,,,,,,,,,,,,,,,,,,,,
474,,,,,,,,,,,,,,,,,,,,,
475,,,,,,,,,,,,,,,,,,,,,
476,,,,,,,,,,,,,,,,,,,,,
477,,,,,,,,,,,,,,,,,,,,,
478,,,,,,,,,,,,,,,,,,,,,
479,,,,,,,,,,,,,,,,,,,,,
480,,,,,,,,,,,,,,,,,,,,,
481,,,,,,,,,,,,,,,,,,,,,
482,,,,,,,,,,,,,,,,,,,,,
483,,,,,,,,,,,,,,,,,,,,,
484,,,,,,,,,,,,,,,,,,,,,
485,,,,,,,,,,,,,,,,,,,,,
486,,,,,,,,,,,,,,,,,,,,,
487,,,,,,,,,,,,,,,,,,,,,
488,,,,,,,,,,,,,,,,,,,,,
489,,,,,,,,,,,,,,,,,,,,,
490,,,,,,,,,,,,,,,,,,,,,
491,,,,,,,,,,,,,,,,,,,,,
492,,,,,,,,,,,,,,,,,,,,,
493,,,,,,,,,,,,,,,,,,,,,
494,,,,,,,,,,,,,,,,,,,,,
495,,,,,,,,,,,,,,,,,,,,,
496,,,,,,,,,,,,,,,,,,,,,
497,,,,,,,,,,,,,,,,,,,,,
498,,,,,,,,,,,,,,,,,,,,,
499,,,,,,,,,,,,,,,,,,,,,
500,,,,,,,,,,,,,,,,,,,,,
501,,,,,,,,,,,,,,,,,,,,,
502,,,,,,,,,,,,,,,,,,,,,
503,,,,,,,,,,,,,,,,,,,,,
504,,,,,,,,,,,,,,,,,,,,,
505,,,,,,,,,,,,,,,,,,,,,
506,,,,,,,,,,,,,,,,,,,,,
507,,,,,,,,,,,,,,,,,,,,,
508,,,,,,,,,,,,,,,,,,,,,
509,,,,,,,,,,,,,,,,,,,,,
510,,,,,,,,,,,,,,,,,,,,,
511,,,,,,,,,,,,,,,,,,,,,
512,,,,,,,,,,,,,,,,,,,,,
513,,,,,,,,,,,,,,,,,,,,,
514,,,,,,,,,,,,,,,,,,,,,
515,,,,,,,,,,,,,,,,,,,,,
516,,,,,,,,,,,,,,,,,,,,,
517,,,,,,,,,,,,,,,,,,,,,
518,,,,,,,,,,,,,,,,,,,,,
519,,,,,,,,,,,,,,,,,,,,,
520,,,,,,,,,,,,,,,,,,,,,
521,,,,,,,,,,,,,,,,,,,,,
522,,,,,,,,,,,,,,,,,,,,,
523,,,,,,,,,,,,,,,,,,,,,
524,,,,,,,,,,,,,,,,,,,,,
525,,,,,,,,,,,,,,,,,,,,,
526,,,,,,,,,,,,,,,,,,,,,
527,,,,,,,,,,,,,,,,,,,,,
528,,,,,,,,,,,,,,,,,,,,,
529,,,,,,,,,,,,,,,,,,,,,
530,,,,,,,,,,,,,,,,,,,,,
531,,,,,,,,,,,,,,,,,,,,,
532,,,,,,,,,,,,,,,,,,,,,
533,,,,,,,,,,,,,,,,,,,,,
534,,,,,,,,,,,,,,,,,,,,,
535,,,,,,,,,,,,,,,,,,,,,
536,,,,,,,,,,,,,,,,,,,,,
537,,,,,,,,,,,,,,,,,,,,,
538,,,,,,,,,,,,,,,,,,,,,
539,,,,,,,,,,,,,,,,,,,,,
540,,,,,,,,,,,,,,,,,,,,,
541,,,,,,,,,,,,,,,,,,,,,
542,,,,,,,,,,,,,,,,,,,,,
543,,,,,,,,,,,,,,,,,,,,,
544,,,,,,,,,,,,,,,,,,,,,
545,,,,,,,,,,,,,,,,,,,,,
546,,,,,,,,,,,,,,,,,,,,,
547,,,,,,,,,,,,,,,,,,,,,
548,,,,,,,,,,,,,,,,,,,,,
549,,,,,,,,,,,,,,,,,,,,,
550,,,,,,,,,,,,,,,,,,,,,
551,,,,,,,,,,,,,,,,,,,,,
552,,,,,,,,,,,,,,,,,,,,,
553,,,,,,,,,,,,,,,,,,,,,
554,,,,,,,,,,,,,,,,,,,,,
555,,,,,,,,,,,,,,,,,,,,,
556,,,,,,,,,,,,,,,,,,,,,
557,,,,,,,,,,,,,,,,,,,,,
558,,,,,,,,,,,,,,,,,,,,,
559,,,,,,,,,,,,,,,,,,,,,
560,,,,,,,,,,,,,,,,,,,,,
561,,,,,,,,,,,,,,,,,,,,,
562,,,,,,,,,,,,,,,,,,,,,
563,,,,,,,,,,,,,,,,,,,,,
564,,,,,,,,,,,,,,,,,,,,,
565,,,,,,,,,,,,,,,,,,,,,
566,,,,,,,,,,,,,,,,,,,,,
567,,,,,,,,,,,,,,,,,,,,,
568,,,,,,,,,,,,,,,,,,,,,
569,,,,,,,,,,,,,,,,,,,,,
570,,,,,,,,,,,,,,,,,,,,,
571,,,,,,,,,,,,,,,,,,,,,
572,,,,,,,,,,,,,,,,,,,,,
573,,,,,,,,,,,,,,,,,,,,,
574,,,,,,,,,,,,,,,,,,,,,
575,,,,,,,,,,,,,,,,,,,,,
576,,,,,,,,,,,,,,,,,,,,,
577,,,,,,,,,,,,,,,,,,,,,
578,,,,,,,,,,,,,,,,,,,,,
579,,,,,,,,,,,,,,,,,,,,,
580,,,,,,,,,,,,,,,,,,,,,
581,,,,,,,,,,,,,,,,,,,,,
582,,,,,,,,,,,,,,,,,,,,,
583,,,,,,,,,,,,,,,,,,,,,
584,,,,,,,,,,,,,,,,,,,,,
585,,,,,,,,,,,,,,,,,,,,,
586,,,,,,,,,,,,,,,,,,,,,
587,,,,,,,,,,,,,,,,,,,,,
588,,,,,,,,,,,,,,,,,,,,,
589,,,,,,,,,,,,,,,,,,,,,
590,,,,,,,,,,,,,,,,,,,,,
591,,,,,,,,,,,,,,,,,,,,,
592,,,,,,,,,,,,,,,,,,,,,
593,,,,,,,,,,,,,,,,,,,,,
594,,,,,,,,,,,,,,,,,,,,,
595,,,,,,,,,,,,,,,,,,,,,
596,,,,,,,,,,,,,,,,,,,,,
597,,,,,,,,,,,,,,,,,,,,,
598,,,,,,,,,,,,,,,,,,,,,
599,,,,,,,,,,,,,,,,,,,,,
600,,,,,,,,,,,,,,,,,,,,,
601,,,,,,,,,,,,,,,,,,,,,
602,,,,,,,,,,,,,,,,,,,,,
603,,,,,,,,,,,,,,,,,,,,,
604,,,,,,,,,,,,,,,,,,,,,
605,,,,,,,,,,,,,,,,,,,,,
606,,,,,,,,,,,,,,,,,,,,,
607,,,,,,,,,,,,,,,,,,,,,
608,,,,,,,,,,,,,,,,,,,,,
609,,,,,,,,,,,,,,,,,,,,,
610,,,,,,,,,,,,,,,,,,,,,
611,,,,,,,,,,,,,,,,,,,,,
612,,,,,,,,,,,,,,,,,,,,,
613,,,,,,,,,,,,,,,,,,,,,
614,,,,,,,,,,,,,,,,,,,,,
615,,,,,,,,,,,,,,,,,,,,,
616,,,,,,,,,,,,,,,,,,,,,
617,,,,,,,,,,,,,,,,,,,,,
618,,,,,,,,,,,,,,,,,,,,,
619,,,,,,,,,,,,,,,,,,,,,
620,,,,,,,,,,,,,,,,,,,,,
621,,,,,,,,,,,,,,,,,,,,,
622,,,,,,,,,,,,,,,,,,,,,
623,,,,,,,,,,,,,,,,,,,,,
624,,,,,,,,,,,,,,,,,,,,,
625,,,,,,,,,,,,,,,,,,,,,
626,,,,,,,,,,,,,,,,,,,,,
627,,,,,,,,,,,,,,,,,,,,,
628,,,,,,,,,,,,,,,,,,,,,
629,,,,,,,,,,,,,,,,,,,,,
630,,,,,,,,,,,,,,,,,,,,,
631,,,,,,,,,,,,,,,,,,,,,
632,,,,,,,,,,,,,,,,,,,,,
633,,,,,,,,,,,,,,,,,,,,,
634,,,,,,,,,,,,,,,,,,,,,
635,,,,,,,,,,,,,,,,,,,,,
636,,,,,,,,,,,,,,,,,,,,,
637,,,,,,,,,,,,,,,,,,,,,
638,,,,,,,,,,,,,,,,,,,,,
639,,,,,,,,,,,,,,,,,,,,,
640,,,,,,,,,,,,,,,,,,,,,
641,,,,,,,,,,,,,,,,,,,,,
642,,,,,,,,,,,,,,,,,,,,,
643,,,,,,,,,,,,,,,,,,,,,
644,,,,,,,,,,,,,,,,,,,,,
645,,,,,,,,,,,,,,,,,,,,,
646,,,,,,,,,,,,,,,,,,,,,
647,,,,,,,,,,,,,,,,,,,,,
648,,,,,,,,,,,,,,,,,,,,,
649,,,,,,,,,,,,,,,,,,,,,
650,,,,,,,,,,,,,,,,,,,,,
651,,,,,,,,,,,,,,,,,,,,,
652,,,,,,,,,,,,,,,,,,,,,
653,,,,,,,,,,,,,,,,,,,,,
654,,,,,,,,,,,,,,,,,,,,,
655,,,,,,,,,,,,,,,,,,,,,
656,,,,,,,,,,,,,,,,,,,,,
657,,,,,,,,,,,,,,,,,,,,,
658,,,,,,,,,,,,,,,,,,,,,
659,,,,,,,,,,,,,,,,,,,,,
660,,,,,,,,,,,,,,,,,,,,,
661,,,,,,,,,,,,,,,,,,,,,
662,,,,,,,,,,,,,,,,,,,,,
663,,,,,,,,,,,,,,,,,,,,,
664,,,,,,,,,,,,,,,,,,,,,
665,,,,,,,,,,,,,,,,,,,,,
666,,,,,,,,,,,,,,,,,,,,,
667,,,,,,,,,,,,,,,,,,,,,
668,,,,,,,,,,,,,,,,,,,,,
669,,,,,,,,,,,,,,,,,,,,,
670,,,,,,,,,,,,,,,,,,,,,
671,,,,,,,,,,,,,,,,,,,,,
672,,,,,,,,,,,,,,,,,,,,,
673,,,,,,,,,,,,,,,,,,,,,
674,,,,,,,,,,,,,,,,,,,,,
675,,,,,,,,,,,,,,,,,,,,,
676,,,,,,,,,,,,,,,,,,,,,
677,,,,,,,,,,,,,,,,,,,,,
678,,,,,,,,,,,,,,,,,,,,,
679,,,,,,,,,,,,,,,,,,,,,
680,,,,,,,,,,,,,,,,,,,,,
681,,,,,,,,,,,,,,,,,,,,,
682,,,,,,,,,,,,,,,,,,,,,
683,,,,,,,,,,,,,,,,,,,,,
684,,,,,,,,,,,,,,,,,,,,,
685,,,,,,,,,,,,,,,,,,,,,
686,,,,,,,,,,,,,,,,,,,,,
687,,,,,,,,,,,,,,,,,,,,,
688,,,,,,,,,,,,,,,,,,,,,
689,,,,,,,,,,,,,,,,,,,,,
690,,,,,,,,,,,,,,,,,,,,,
691,,,,,,,,,,,,,,,,,,,,,
692,,,,,,,,,,,,,,,,,,,,,
693,,,,,,,,,,,,,,,,,,,,,
694,,,,,,,,,,,,,,,,,,,,,
695,,,,,,,,,,,,,,,,,,,,,
696,,,,,,,,,,,,,,,,,,,,,
697,,,,,,,,,,,,,,,,,,,,,
698,,,,,,,,,,,,,,,,,,,,,
699,,,,,,,,,,,,,,,,,,,,,
700,,,,,,,,,,,,,,,,,,,,,
701,,,,,,,,,,,,,,,,,,,,,
702,,,,,,,,,,,,,,,,,,,,,
703,,,,,,,,,,,,,,,,,,,,,
704,,,,,,,,,,,,,,,,,,,,,
705,,,,,,,,,,,,,,,,,,,,,
706,,,,,,,,,,,,,,,,,,,,,
707,,,,,,,,,,,,,,,,,,,,,
708,,,,,,,,,,,,,,,,,,,,,
709,,,,,,,,,,,,,,,,,,,,,
710,,,,,,,,,,,,,,,,,,,,,
711,,,,,,,,,,,,,,,,,,,,,
712,,,,,,,,,,,,,,,,,,,,,
713,,,,,,,,,,,,,,,,,,,,,
714,,,,,,,,,,,,,,,,,,,,,
715,,,,,,,,,,,,,,,,,,,,,
716,,,,,,,,,,,,,,,,,,,,,
717,,,,,,,,,,,,,,,,,,,,,
718,,,,,,,,,,,,,,,,,,,,,
719,,,,,,,,,,,,,,,,,,,,,
720,,,,,,,,,,,,,,,,,,,,,
721,,,,,,,,,,,,,,,,,,,,,
722,,,,,,,,,,,,,,,,,,,,,
723,,,,,,,,,,,,,,,,,,,,,
724,,,,,,,,,,,,,,,,,,,,,
725,,,,,,,,,,,,,,,,,,,,,
726,,,,,,,,,,,,,,,,,,,,,
727,,,,,,,,,,,,,,,,,,,,,
728,,,,,,,,,,,,,,,,,,,,,
729,,,,,,,,,,,,,,,,,,,,,
730,,,,,,,,,,,,,,,,,,,,,
731,,,,,,,,,,,,,,,,,,,,,
732,,,,,,,,,,,,,,,,,,,,,
733,,,,,,,,,,,,,,,,,,,,,
734,,,,,,,,,,,,,,,,,,,,,
735,,,,,,,,,,,,,,,,,,,,,
736,,,,,,,,,,,,,,,,,,,,,
737,,,,,,,,,,,,,,,,,,,,,
738,,,,,,,,,,,,,,,,,,,,,
739,,,,,,,,,,,,,,,,,,,,,
740,,,,,,,,,,,,,,,,,,,,,
741,,,,,,,,,,,,,,,,,,,,,
742,,,,,,,,,,,,,,,,,,,,,
743,,,,,,,,,,,,,,,,,,,,,
744,,,,,,,,,,,,,,,,,,,,,
745,,,,,,,,,,,,,,,,,,,,,
746,,,,,,,,,,,,,,,,,,,,,
747,,,,,,,,,,,,,,,,,,,,,
748,,,,,,,,,,,,,,,,,,,,,
749,,,,,,,,,,,,,,,,,,,,,
750,,,,,,,,,,,,,,,,,,,,,
751,,,,,,,,,,,,,,,,,,,,,
752,,,,,,,,,,,,,,,,,,,,,
753,,,,,,,,,,,,,,,,,,,,,
754,,,,,,,,,,,,,,,,,,,,,
755,,,,,,,,,,,,,,,,,,,,,
756,,,,,,,,,,,,,,,,,,,,,
757,,,,,,,,,,,,,,,,,,,,,
758,,,,,,,,,,,,,,,,,,,,,
759,,,,,,,,,,,,,,,,,,,,,
760,,,,,,,,,,,,,,,,,,,,,
761,,,,,,,,,,,,,,,,,,,,,
762,,,,,,,,,,,,,,,,,,,,,
763,,,,,,,,,,,,,,,,,,,,,
764,,,,,,,,,,,,,,,,,,,,,
765,,,,,,,,,,,,,,,,,,,,,
766,,,,,,,,,,,,,,,,,,,,,
767,,,,,,,,,,,,,,,,,,,,,
768,,,,,,,,,,,,,,,,,,,,,
769,,,,,,,,,,,,,,,,,,,,,
770,,,,,,,,,,,,,,,,,,,,,
771,,,,,,,,,,,,,,,,,,,,,
772,,,,,,,,,,,,,,,,,,,,,
773,,,,,,,,,,,,,,,,,,,,,
774,,,,,,,,,,,,,,,,,,,,,
775,,,,,,,,,,,,,,,,,,,,,
776,,,,,,,,,,,,,,,,,,,,,
777,,,,,,,,,,,,,,,,,,,,,
778,,,,,,,,,,,,,,,,,,,,,
779,,,,,,,,,,,,,,,,,,,,,
780,,,,,,,,,,,,,,,,,,,,,
781,,,,,,,,,,,,,,,,,,,,,
782,,,,,,,,,,,,,,,,,,,,,
783,,,,,,,,,,,,,,,,,,,,,
784,,,,,,,,,,,,,,,,,,,,,
785,,,,,,,,,,,,,,,,,,,,,
786,,,,,,,,,,,,,,,,,,,,,
787,,,,,,,,,,,,,,,,,,,,,
788,,,,,,,,,,,,,,,,,,,,,
789,,,,,,,,,,,,,,,,,,,,,
790,,,,,,,,,,,,,,,,,,,,,
791,,,,,,,,,,,,,,,,,,,,,
792,,,,,,,,,,,,,,,,,,,,,
793,,,,,,,,,,,,,,,,,,,,,
794,,,,,,,,,,,,,,,,,,,,,
795,,,,,,,,,,,,,,,,,,,,,
796,,,,,,,,,,,,,,,,,,,,,
797,,,,,,,,,,,,,,,,,,,,,
798,,,,,,,,,,,,,,,,,,,,,
799,,,,,,,,,,,,,,,,,,,,,
800,,,,,,,,,,,,,,,,,,,,,
801,,,,,,,,,,,,,,,,,,,,,
802,,,,,,,,,,,,,,,,,,,,,
803,,,,,,,,,,,,,,,,,,,,,
804,,,,,,,,,,,,,,,,,,,,,
805,,,,,,,,,,,,,,,,,,,,,
806,,,,,,,,,,,,,,,,,,,,,
807,,,,,,,,,,,,,,,,,,,,,
808,,,,,,,,,,,,,,,,,,,,,
809,,,,,,,,,,,,,,,,,,,,,
810,,,,,,,,,,,,,,,,,,,,,
811,,,,,,,,,,,,,,,,,,,,,
812,,,,,,,,,,,,,,,,,,,,,
813,,,,,,,,,,,,,,,,,,,,,
814,,,,,,,,,,,,,,,,,,,,,
815,,,,,,,,,,,,,,,,,,,,,
816,,,,,,,,,,,,,,,,,,,,,
817,,,,,,,,,,,,,,,,,,,,,
818,,,,,,,,,,,,,,,,,,,,,
819,,,,,,,,,,,,,,,,,,,,,
820,,,,,,,,,,,,,,,,,,,,,
821,,,,,,,,,,,,,,,,,,,,,
822,,,,,,,,,,,,,,,,,,,,,
823,,,,,,,,,,,,,,,,,,,,,
824,,,,,,,,,,,,,,,,,,,,,
825,,,,,,,,,,,,,,,,,,,,,
826,,,,,,,,,,,,,,,,,,,,,
827,,,,,,,,,,,,,,,,,,,,,
828,,,,,,,,,,,,,,,,,,,,,
829,,,,,,,,,,,,,,,,,,,,,
830,,,,,,,,,,,,,,,,,,,,,
831,,,,,,,,,,,,,,,,,,,,,
832,,,,,,,,,,,,,,,,,,,,,
833,,,,,,,,,,,,,,,,,,,,,
834,,,,,,,,,,,,,,,,,,,,,
835,,,,,,,,,,,,,,,,,,,,,
836,,,,,,,,,,,,,,,,,,,,,
837,,,,,,,,,,,,,,,,,,,,,
838,,,,,,,,,,,,,,,,,,,,,
839,,,,,,,,,,,,,,,,,,,,,
840,,,,,,,,,,,,,,,,,,,,,
841,,,,,,,,,,,,,,,,,,,,,
842,,,,,,,,,,,,,,,,,,,,,
843,,,,,,,,,,,,,,,,,,,,,
844,,,,,,,,,,,,,,,,,,,,,
845,,,,,,,,,,,,,,,,,,,,,
846,,,,,,,,,,,,,,,,,,,,,
847,,,,,,,,,,,,,,,,,,,,,
848,,,,,,,,,,,,,,,,,,,,,
849,,,,,,,,,,,,,,,,,,,,,
850,,,,,,,,,,,,,,,,,,,,,
851,,,,,,,,,,,,,,,,,,,,,
852,,,,,,,,,,,,,,,,,,,,,
853,,,,,,,,,,,,,,,,,,,,,
854,,,,,,,,,,,,,,,,,,,,,
855,,,,,,,,,,,,,,,,,,,,,
856,,,,,,,,,,,,,,,,,,,,,
857,,,,,,,,,,,,,,,,,,,,,
858,,,,,,,,,,,,,,,,,,,,,
859,,,,,,,,,,,,,,,,,,,,,
860,,,,,,,,,,,,,,,,,,,,,
861,,,,,,,,,,,,,,,,,,,,,
862,,,,,,,,,,,,,,,,,,,,,
863,,,,,,,,,,,,,,,,,,,,,
864,,,,,,,,,,,,,,,,,,,,,
865,,,,,,,,,,,,,,,,,,,,,
866,,,,,,,,,,,,,,,,,,,,,
867,,,,,,,,,,,,,,,,,,,,,
868,,,,,,,,,,,,,,,,,,,,,
869,,,,,,,,,,,,,,,,,,,,,
870,,,,,,,,,,,,,,,,,,,,,
871,,,,,,,,,,,,,,,,,,,,,
872,,,,,,,,,,,,,,,,,,,,,
873,,,,,,,,,,,,,,,,,,,,,
874,,,,,,,,,,,,,,,,,,,,,
875,,,,,,,,,,,,,,,,,,,,,
876,,,,,,,,,,,,,,,,,,,,,
877,,,,,,,,,,,,,,,,,,,,,
878,,,,,,,,,,,,,,,,,,,,,
879,,,,,,,,,,,,,,,,,,,,,
880,,,,,,,,,,,,,,,,,,,,,
881,,,,,,,,,,,,,,,,,,,,,
882,,,,,,,,,,,,,,,,,,,,,
883,,,,,,,,,,,,,,,,,,,,,
884,,,,,,,,,,,,,,,,,,,,,
885,,,,,,,,,,,,,,,,,,,,,
886,,,,,,,,,,,,,,,,,,,,,
887,,,,,,,,,,,,,,,,,,,,,
888,,,,,,,,,,,,,,,,,,,,,
889,,,,,,,,,,,,,,,,,,,,,
890,,,,,,,,,,,,,,,,,,,,,
891,,,,,,,,,,,,,,,,,,,,,
892,,,,,,,,,,,,,,,,,,,,,
893,,,,,,,,,,,,,,,,,,,,,
894,,,,,,,,,,,,,,,,,,,,,
895,,,,,,,,,,,,,,,,,,,,,
896,,,,,,,,,,,,,,,,,,,,,
897,,,,,,,,,,,,,,,,,,,,,
898,,,,,,,,,,,,,,,,,,,,,
899,,,,,,,,,,,,,,,,,,,,,
900,,,,,,,,,,,,,,,,,,,,,
901,,,,,,,,,,,,,,,,,,,,,
902,,,,,,,,,,,,,,,,,,,,,
903,,,,,,,,,,,,,,,,,,,,,
904,,,,,,,,,,,,,,,,,,,,,
905,,,,,,,,,,,,,,,,,,,,,
906,,,,,,,,,,,,,,,,,,,,,
907,,,,,,,,,,,,,,,,,,,,,
908,,,,,,,,,,,,,,,,,,,,,
909,,,,,,,,,,,,,,,,,,,,,
910,,,,,,,,,,,,,,,,,,,,,
911,,,,,,,,,,,,,,,,,,,,,
912,,,,,,,,,,,,,,,,,,,,,
913,,,,,,,,,,,,,,,,,,,,,
914,,,,,,,,,,,,,,,,,,,,,
915,,,,,,,,,,,,,,,,,,,,,
916,,,,,,,,,,,,,,,,,,,,,
917,,,,,,,,,,,,,,,,,,,,,
918,,,,,,,,,,,,,,,,,,,,,
919,,,,,,,,,,,,,,,,,,,,,
920,,,,,,,,,,,,,,,,,,,,,
921,,,,,,,,,,,,,,,,,,,,,
922,,,,,,,,,,,,,,,,,,,,,
923,,,,,,,,,,,,,,,,,,,,,
924,,,,,,,,,,,,,,,,,,,,,
925,,,,,,,,,,,,,,,,,,,,,
926,,,,,,,,,,,,,,,,,,,,,
927,,,,,,,,,,,,,,,,,,,,,
928,,,,,,,,,,,,,,,,,,,,,
929,,,,,,,,,,,,,,,,,,,,,
930,,,,,,,,,,,,,,,,,,,,,
931,,,,,,,,,,,,,,,,,,,,,
932,,,,,,,,,,,,,,,,,,,,,
933,,,,,,,,,,,,,,,,,,,,,
934,,,,,,,,,,,,,,,,,,,,,
935,,,,,,,,,,,,,,,,,,,,,
936,,,,,,,,,,,,,,,,,,,,,
937,,,,,,,,,,,,,,,,,,,,,
938,,,,,,,,,,,,,,,,,,,,,
939,,,,,,,,,,,,,,,,,,,,,
940,,,,,,,,,,,,,,,,,,,,,
941,,,,,,,,,,,,,,,,,,,,,
942,,,,,,,,,,,,,,,,,,,,,
943,,,,,,,,,,,,,,,,,,,,,
944,,,,,,,,,,,,,,,,,,,,,
945,,,,,,,,,,,,,,,,,,,,,
946,,,,,,,,,,,,,,,,,,,,,
947,,,,,,,,,,,,,,,,,,,,,
948,,,,,,,,,,,,,,,,,,,,,
949,,,,,,,,,,,,,,,,,,,,,
950,,,,,,,,,,,,,,,,,,,,,
951,,,,,,,,,,,,,,,,,,,,,
952,,,,,,,,,,,,,,,,,,,,,
953,,,,,,,,,,,,,,,,,,,,,
954,,,,,,,,,,,,,,,,,,,,,
955,,,,,,,,,,,,,,,,,,,,,
956,,,,,,,,,,,,,,,,,,,,,
957,,,,,,,,,,,,,,,,,,,,,
958,,,,,,,,,,,,,,,,,,,,,
959,,,,,,,,,,,,,,,,,,,,,
960,,,,,,,,,,,,,,,,,,,,,
961,,,,,,,,,,,,,,,,,,,,,
962,,,,,,,,,,,,,,,,,,,,,
963,,,,,,,,,,,,,,,,,,,,,
964,,,,,,,,,,,,,,,,,,,,,
965,,,,,,,,,,,,,,,,,,,,,
966,,,,,,,,,,,,,,,,,,,,,
967,,,,,,,,,,,,,,,,,,,,,
968,,,,,,,,,,,,,,,,,,,,,
969,,,,,,,,,,,,,,,,,,,,,
970,,,,,,,,,,,,,,,,,,,,,
971,,,,,,,,,,,,,,,,,,,,,
972,,,,,,,,,,,,,,,,,,,,,
973,,,,,,,,,,,,,,,,,,,,,
974,,,,,,,,,,,,,,,,,,,,,
975,,,,,,,,,,,,,,,,,,,,,
976,,,,,,,,,,,,,,,,,,,,,
977,,,,,,,,,,,,,,,,,,,,,
978,,,,,,,,,,,,,,,,,,,,,
979,,,,,,,,,,,,,,,,,,,,,
980,,,,,,,,,,,,,,,,,,,,,
981,,,,,,,,,,,,,,,,,,,,,
982,,,,,,,,,,,,,,,,,,,,,
983,,,,,,,,,,,,,,,,,,,,,
984,,,,,,,,,,,,,,,,,,,,,
985,,,,,,,,,,,,,,,,,,,,,
986,,,,,,,,,,,,,,,,,,,,,
987,,,,,,,,,,,,,,,,,,,,,
988,,,,,,,,,,,,,,,,,,,,,
989,,,,,,,,,,,,,,,,,,,,,
990,,,,,,,,,,,,,,,,,,,,,
991,,,,,,,,,,,,,,,,,,,,,
992,,,,,,,,,,,,,,,,,,,,,
993,,,,,,,,,,,,,,,,,,,,,
994,,,,,,,,,,,,,,,,,,,,,
995,,,,,,,,,,,,,,,,,,,,,
996,,,,,,,,,,,,,,,,,,,,,
997,,,,,,,,,,,,,,,,,,,,,
998,,,,,,,,,,,,,,,,,,,,,
999,,,,,,,,,,,,,,,,,,,,,
1000,,,,,,,,,,,,,,,,,,,,,
